iter	Accuracy	CrossEntropy
0	0.7867803838	0.688587989911	0.8066098081	0.683251913322	0.8095238095	0.6781568453	3	0.8147832267	0.6729309234	4	0.8171997157	0.6678629865	5	0.8188343994	0.6628801746	6	0.8184079602	0.65807647	07	0.8176261549	0.654321958	08	0.8177683014	0.64997449	0.9	0.8194740583	0.64575321010	0.8194740583	0.6411548991111	0.8202558635	0.6365471821212	0.8206823028	0.632355713	013	0.8203269367	0.6283917149

